ID_EMPLEADO,NOMBRE,APELLIDO,GENERO,FECHA_NACIMIENTO,FECHA_CONTRATACION,NIVEL_EDUCATIVO,ESTADO_CIVIL,TIPO_CONTRATO
1,Carlos,López,M,1988-04-12,2024-01-15 00:00:00,Universitario,Casado(a),Fijo
2,Lucía,Pérez,F,1990-06-22,2024-02-01 00:00:00,Maestría,Soltero(a),Fijo
3,David,Gómez,M,1985-09-30,2024-03-05 00:00:00,Técnico,Divorciado(a),Fijo
4,Ana,Martínez,F,1992-07-10,2024-04-20 00:00:00,Universitario,Casado(a),Fijo
5,José,Rodríguez,M,1981-11-15,2024-05-01 00:00:00,Bachiller,Casado(a),Fijo
6,Elena,García,F,1996-02-28,2024-06-10 00:00:00,Maestría,Soltero(a),Fijo
7,Luis,Fernández,M,1983-03-12,2024-07-18 00:00:00,Doctorado,Viudo(a),Fijo
8,Paula,Sánchez,F,1994-08-09,2024-08-01 00:00:00,Técnico,Casado(a),Fijo
9,Miguel,Díaz,M,1987-05-25,2024-09-15 00:00:00,Universitario,Casado(a),Fijo
10,Sofía,Ruiz,F,1991-10-10,2024-10-20 00:00:00,Bachiller,Soltero(a),Fijo
11,Andrés,Castro,M,1984-01-05,2024-01-10 00:00:00,Universitario,Casado(a),Fijo
12,Camila,Ortiz,F,1993-11-17,2024-02-15 00:00:00,Maestría,Soltero(a),Fijo
13,Javier,Moreno,M,1980-06-08,2024-03-12 00:00:00,Técnico,Viudo(a),Fijo
14,Valentina,Silva,F,1997-09-14,2024-04-18 00:00:00,Doctorado,Soltero(a),Fijo
15,Tomás,Ramos,M,1986-12-01,2024-05-05 00:00:00,Universitario,Casado(a),Fijo
16,Mariana,Reyes,F,1995-03-23,2024-06-01 00:00:00,Maestría,Casado(a),Fijo
17,Sebastián,Herrera,M,1989-07-19,2024-07-09 00:00:00,Bachiller,Divorciado(a),Fijo
18,Isabela,Cruz,F,1992-05-30,2024-08-10 00:00:00,Universitario,Soltero(a),Fijo
19,Felipe,Molina,M,1982-10-28,2024-09-01 00:00:00,Técnico,Casado(a),Fijo
20,Daniela,Torres,F,1990-02-13,2024-10-05 00:00:00,Doctorado,Soltero(a),Fijo
21,Esteban,Vargas,M,1988-04-11,2024-01-20 00:00:00,Maestría,Casado(a),Fijo
22,Natalia,Córdoba,F,1996-07-06,2024-02-25 00:00:00,Universitario,Soltero(a),Fijo
23,Hugo,Salazar,M,1985-11-02,2024-03-17 00:00:00,Técnico,Divorciado(a),Fijo
24,Mónica,Medina,F,1994-01-29,2024-04-10 00:00:00,Bachiller,Casado(a),Fijo
25,Bruno,Pineda,M,1983-06-14,2024-05-15 00:00:00,Doctorado,Viudo(a),Fijo
26,Julieta,Navarro,F,1991-09-20,2024-06-25 00:00:00,Maestría,Soltero(a),Fijo
27,Simón,Peña,M,1986-03-08,2024-07-12 00:00:00,Universitario,Casado(a),Fijo
28,Renata,Mendoza,F,1993-12-26,2024-08-05 00:00:00,Técnico,Divorciado(a),Fijo
29,Diego,Quintero,M,1981-08-17,2024-09-14 00:00:00,Bachiller,Casado(a),Fijo
30,Florencia,Carrillo,F,1990-10-03,2024-10-30 00:00:00,Universitario,Soltero(a),Fijo
31,Alonso,León,M,1984-02-01,2024-01-07 00:00:00,Maestría,Casado(a),Fijo
32,Tamara,Fajardo,F,1997-06-21,2024-02-18 00:00:00,Doctorado,Soltero(a),Fijo
33,Raúl,Guerrero,M,1989-09-11,2024-03-03 00:00:00,Universitario,Viudo(a),Fijo
34,Laura,Espinosa,F,1995-05-05,2024-04-27 00:00:00,Técnico,Casado(a),Fijo
35,Iván,Barrios,M,1982-11-23,2024-05-10 00:00:00,Bachiller,Casado(a),Fijo
36,Rocío,Mejía,F,1992-01-19,2024-06-08 00:00:00,Universitario,Soltero(a),Fijo
37,Oscar,Soto,M,1986-07-15,2024-07-20 00:00:00,Maestría,Divorciado(a),Fijo
38,Bianca,Nieves,F,1993-03-30,2024-08-15 00:00:00,Doctorado,Soltero(a),Fijo
39,Álvaro,Castaño,M,1987-10-07,2024-09-23 00:00:00,Técnico,Casado(a),Fijo
40,Manuela,Vega,F,1991-12-11,2024-10-02 00:00:00,Universitario,Casado(a),Fijo
41,Pedro,Lara,M,1985-04-25,2024-01-22 00:00:00,Doctorado,Viudo(a),Fijo
42,Claudia,Montoya,F,1990-06-02,2024-02-08 00:00:00,Maestría,Soltero(a),Fijo
43,Mario,Cárdenas,M,1983-09-28,2024-03-29 00:00:00,Bachiller,Casado(a),Fijo
44,Alejandra,Ríos,F,1994-08-14,2024-04-11 00:00:00,Técnico,Soltero(a),Fijo
45,Enrique,Valle,M,1988-12-05,2024-05-22 00:00:00,Universitario,Divorciado(a),Fijo
46,Verónica,Lozano,F,1992-03-13,2024-06-26 00:00:00,Doctorado,Soltero(a),Fijo
47,Agustín,Arango,M,1986-10-01,2024-07-04 00:00:00,Maestría,Casado(a),Fijo
48,Luisa,Murillo,F,1995-02-27,2024-08-24 00:00:00,Universitario,Soltero(a),Fijo
49,Ramiro,Guzmán,M,1984-05-08,2024-09-27 00:00:00,Bachiller,Viudo(a),Fijo
50,Carolina,Delgado,F,1990-11-19,2024-10-17 00:00:00,Técnico,Casado(a),Fijo
51,David,Salazar,F,1990-04-12,2024-01-14 00:00:00,Universitario,Casado(a),Fijo
52,Lucía,Castaño,F,1986-12-21,2024-03-20 00:00:00,Maestría,Soltero(a),Fijo
53,Oscar,Valle,M,1995-06-08,2024-06-29 00:00:00,Doctorado,Casado(a),Fijo
54,Daniela,Peña,F,1989-09-14,2024-09-12 00:00:00,Técnico,Divorciado(a),Fijo
55,Mario,Carrillo,M,1982-07-02,2024-10-22 00:00:00,Bachiller,Viudo(a),Fijo
56,Tamara,Lozano,F,1980-01-30,2024-02-18 00:00:00,Universitario,Casado(a),Fijo
57,Ramiro,Mendoza,M,1993-03-17,2024-04-07 00:00:00,Maestría,Soltero(a),Fijo
58,Florencia,Murillo,F,1996-05-24,2024-05-12 00:00:00,Universitario,Soltero(a),Fijo
59,Carlos,Pineda,M,1987-11-11,2024-07-06 00:00:00,Técnico,Casado(a),Fijo
60,Laura,Ortiz,F,1991-02-25,2024-08-01 00:00:00,Doctorado,Casado(a),Fijo
61,Julieta,Barrios,F,1994-09-01,2024-03-14 00:00:00,Maestría,Soltero(a),Fijo
62,Sebastián,Córdoba,M,1985-08-11,2024-05-23 00:00:00,Técnico,Divorciado(a),Fijo
63,Valentina,Castro,F,1983-10-26,2024-02-02 00:00:00,Doctorado,Casado(a),Fijo
64,Felipe,Mejía,M,1992-06-13,2024-04-10 00:00:00,Universitario,Soltero(a),Fijo
65,Sofía,López,F,1990-03-18,2024-06-27 00:00:00,Bachiller,Viudo(a),Fijo
66,Pedro,Vega,M,1986-12-31,2024-07-30 00:00:00,Universitario,Casado(a),Fijo
67,Carolina,Gómez,F,1988-10-09,2024-09-08 00:00:00,Técnico,Casado(a),Fijo
68,Bruno,Guerrero,M,1993-01-12,2024-01-21 00:00:00,Maestría,Soltero(a),Fijo
69,Rocío,Silva,F,1996-08-06,2024-02-14 00:00:00,Universitario,Soltero(a),Fijo
70,Hugo,Montoya,M,1989-04-05,2024-03-27 00:00:00,Doctorado,Viudo(a),Fijo
71,Tamara,Moreno,F,1995-06-01,2024-04-29 00:00:00,Maestría,Casado(a),Fijo
72,Andrés,Quintero,M,1987-07-15,2024-05-04 00:00:00,Universitario,Casado(a),Fijo
73,Isabela,Navarro,F,1992-11-28,2024-06-12 00:00:00,Técnico,Soltero(a),Fijo
74,Luis,Arango,M,1984-03-09,2024-07-16 00:00:00,Bachiller,Casado(a),Fijo
75,Bianca,Soto,F,1991-05-22,2024-08-13 00:00:00,Universitario,Soltero(a),Fijo
76,Álvaro,Delgado,M,1990-10-03,2024-09-05 00:00:00,Doctorado,Casado(a),Fijo
77,Renata,Torres,F,1983-01-20,2024-10-10 00:00:00,Maestría,Viudo(a),Fijo
78,Simón,Reyes,M,1986-06-07,2024-01-03 00:00:00,Universitario,Casado(a),Fijo
79,Claudia,Barrios,F,1989-12-17,2024-02-24 00:00:00,Técnico,Soltero(a),Fijo
80,Esteban,Fajardo,M,1994-08-28,2024-03-13 00:00:00,Bachiller,Divorciado(a),Fijo
81,Natalia,Ríos,F,1993-09-21,2024-04-04 00:00:00,Universitario,Casado(a),Fijo
82,Tomás,Díaz,M,1981-11-11,2024-05-31 00:00:00,Maestría,Soltero(a),Fijo
83,Camila,Sánchez,F,1987-01-19,2024-06-17 00:00:00,Universitario,Soltero(a),Fijo
84,Raúl,Rodríguez,M,1995-04-06,2024-07-09 00:00:00,Doctorado,Casado(a),Fijo
85,Manuela,León,F,1990-02-11,2024-08-25 00:00:00,Técnico,Soltero(a),Fijo
86,Iván,Cruz,M,1982-10-15,2024-09-19 00:00:00,Bachiller,Viudo(a),Fijo
87,Paula,Ruiz,F,1996-03-14,2024-10-04 00:00:00,Maestría,Soltero(a),Fijo
88,Miguel,Salazar,M,1991-07-26,2024-01-11 00:00:00,Universitario,Casado(a),Fijo
89,Luisa,Espinosa,F,1984-06-18,2024-02-28 00:00:00,Técnico,Divorciado(a),Fijo
90,José,Valle,M,1993-11-04,2024-03-18 00:00:00,Doctorado,Casado(a),Fijo
91,Elena,Nieves,F,1990-05-13,2024-04-26 00:00:00,Maestría,Soltero(a),Fijo
92,Javier,Fernández,M,1987-08-02,2024-06-04 00:00:00,Técnico,Casado(a),Fijo
93,Valeria,Martínez,F,1992-12-31,2024-07-15 00:00:00,Universitario,Soltero(a),Fijo
94,Gerardo,Reyes,M,1989-09-27,2024-08-18 00:00:00,Maestría,Casado(a),Fijo
95,Mariana,Delgado,F,1994-04-01,2024-09-28 00:00:00,Técnico,Viudo(a),Fijo
96,Alonso,Cárdenas,M,1983-06-30,2024-10-21 00:00:00,Doctorado,Casado(a),Fijo
97,Clara,León,F,1991-10-08,2024-01-20 00:00:00,Maestría,Casado(a),Fijo
98,Diego,García,M,1988-07-23,2024-02-05 00:00:00,Universitario,Divorciado(a),Fijo
99,Juliana,Lara,F,1996-09-03,2024-03-25 00:00:00,Doctorado,Soltero(a),Fijo
100,Ramiro,Molina,M,1986-11-16,2024-04-14 00:00:00,Bachiller,Viudo(a),Fijo
101,Florencia,Fernández,F,2002-02-06,2024-11-20 00:00:00,Técnico,Casado(a),Fijo
102,Bianca,Pérez,F,2002-01-10,2024-10-16 00:00:00,Doctorado,Casado(a),Fijo
103,Natalia,Delgado,M,2020-04-02,2024-02-27 00:00:00,Técnico,Divorciado(a),Fijo
104,Manuela,Soto,M,2018-10-13,2024-01-23 00:00:00,Técnico,Casado(a),Fijo
105,Luis,Martínez,F,1981-12-06,2024-04-15 00:00:00,Técnico,Casado(a),Fijo
106,Luisa,Vega,F,1977-04-08,2024-02-23 00:00:00,Técnico,Casado(a),Fijo
107,Hugo,Medina,M,1982-11-06,2024-07-13 00:00:00,Bachiller,Soltero(a),Fijo
108,Elena,Gómez,F,2018-01-21,2024-07-26 00:00:00,Bachiller,Soltero(a),Fijo
109,Daniela,Murillo,F,2012-02-18,2024-08-29 00:00:00,Maestría,Viudo(a),Fijo
110,Camila,Rodríguez,M,2005-01-16,2024-11-03 00:00:00,Técnico,Casado(a),Fijo
111,Laura,García,F,1991-05-13,2024-01-10 00:00:00,Maestría,Casado(a),Fijo
112,Mario,Fernández,M,1987-09-02,2024-01-21 00:00:00,Universitario,Soltero(a),Fijo
113,Isabela,Salazar,F,1994-03-23,2024-02-05 00:00:00,Técnico,Casado(a),Fijo
114,Pedro,Castaño,M,1982-07-17,2024-02-17 00:00:00,Bachiller,Divorciado(a),Fijo
115,Valentina,Ortiz,F,1996-12-05,2024-03-04 00:00:00,Universitario,Soltero(a),Fijo
116,Carlos,Navarro,M,1985-04-11,2024-03-12 00:00:00,Maestría,Casado(a),Fijo
117,Camila,Torres,F,1990-06-18,2024-04-01 00:00:00,Doctorado,Viudo(a),Fijo
118,Jorge,Lozano,M,1983-10-29,2024-04-19 00:00:00,Técnico,Soltero(a),Fijo
119,Manuela,Reyes,F,1988-01-16,2024-05-03 00:00:00,Bachiller,Casado(a),Fijo
120,Andrés,Gómez,M,1993-11-09,2024-05-22 00:00:00,Universitario,Soltero(a),Fijo
121,Sofía,Delgado,F,1992-08-14,2024-06-01 00:00:00,Maestría,Soltero(a),Fijo
122,Felipe,Barrios,M,1989-12-27,2024-06-18 00:00:00,Universitario,Casado(a),Fijo
123,Juliana,Murillo,F,1985-05-02,2024-07-06 00:00:00,Técnico,Divorciado(a),Fijo
124,Ricardo,Córdoba,M,1984-03-31,2024-07-23 00:00:00,Doctorado,Viudo(a),Fijo
125,Mariana,Mejía,F,1991-10-20,2024-08-02 00:00:00,Universitario,Casado(a),Fijo
126,Esteban,Díaz,M,1990-09-12,2024-08-18 00:00:00,Bachiller,Soltero(a),Fijo
127,Luisa,Carrillo,F,1983-06-04,2024-08-31 00:00:00,Maestría,Soltero(a),Fijo
128,Iván,Montoya,M,1992-02-28,2024-09-14 00:00:00,Técnico,Casado(a),Fijo
129,Natalia,Pineda,F,1986-01-13,2024-09-28 00:00:00,Universitario,Casado(a),Fijo
130,Tomás,Herrera,M,1987-07-26,2024-10-09 00:00:00,Doctorado,Soltero(a),Fijo
131,Bianca,Soto,F,1995-11-17,2024-10-20 00:00:00,Universitario,Soltero(a),Fijo
132,Gerardo,Mendoza,M,1988-12-10,2024-11-01 00:00:00,Maestría,Casado(a),Fijo
133,Tamara,León,F,1980-10-01,2024-11-15 00:00:00,Técnico,Viudo(a),Fijo
134,Simón,Cruz,M,1994-06-29,2024-11-30 00:00:00,Bachiller,Soltero(a),Fijo
135,Claudia,Fajardo,F,1993-04-08,2024-12-12 00:00:00,Doctorado,Casado(a),Fijo
136,Mateo,Ríos,M,1986-08-03,2024-12-26 00:00:00,Universitario,Casado(a),Fijo
137,Paula,Guerrero,F,1990-03-19,2024-12-30 00:00:00,Técnico,Soltero(a),Fijo
138,Álvaro,Espinosa,M,1984-11-04,2024-01-02 00:00:00,Maestría,Divorciado(a),Fijo
139,Renata,Valle,F,1981-06-15,2024-01-14 00:00:00,Bachiller,Viudo(a),Fijo
140,Julieta,Nieves,F,1996-09-06,2024-01-28 00:00:00,Universitario,Soltero(a),Fijo
141,Diego,Cárdenas,M,1983-03-10,2024-02-09 00:00:00,Doctorado,Casado(a),Fijo
142,Lucía,Sánchez,F,1992-07-22,2024-02-22 00:00:00,Maestría,Casado(a),Fijo
143,Oscar,Rodríguez,M,1987-12-31,2024-03-05 00:00:00,Técnico,Soltero(a),Fijo
144,Rocío,Delgado,F,1991-10-07,2024-03-19 00:00:00,Bachiller,Soltero(a),Fijo
145,Sebastián,Salazar,M,1989-09-23,2024-04-02 00:00:00,Universitario,Casado(a),Fijo
146,Daniela,Guerrero,F,1986-06-11,2024-04-18 00:00:00,Doctorado,Divorciado(a),Fijo
147,Ramiro,Barrios,M,1984-01-30,2024-05-01 00:00:00,Técnico,Soltero(a),Fijo
148,Carolina,Ortiz,F,1990-05-26,2024-05-16 00:00:00,Maestría,Casado(a),Fijo
149,Tomás,Navarro,M,1993-08-17,2024-05-30 00:00:00,Bachiller,Viudo(a),Fijo
150,Isabela,Castro,F,1995-02-02,2024-06-12 00:00:00,Universitario,Soltero(a),Fijo
151,Ana,Gomez,F,1990-01-15,2025-07-10 17:04:10,Universitario,Soltero(a),Indefinido
152,Luis,Martinez,M,1988-05-20,2025-07-10 17:04:10,Tecnologo,Casado(a),Temporal
153,Maria,Lopez,F,1992-03-10,2025-07-10 17:04:10,Bachiller,Soltero(a),Indefinido
154,Pedro,Perez,M,1985-07-22,2025-07-10 17:04:10,Universitario,Casado(a),Indefinido
155,Laura,Rojas,F,1993-11-05,2025-07-10 17:04:10,Tecnologo,Soltero(a),Temporal
156,Carlos,Ramirez,M,1987-02-18,2025-07-10 17:04:10,Universitario,Casado(a),Indefinido
157,Sofia,Torres,F,1991-09-30,2025-07-10 17:04:10,Bachiller,Soltero(a),Indefinido
158,Javier,Diaz,M,1989-04-12,2025-07-10 17:04:10,Tecnologo,Casado(a),Temporal
159,Camila,Mendez,F,1994-06-25,2025-07-10 17:04:10,Universitario,Soltero(a),Indefinido
160,Andres,Suarez,M,1986-08-08,2025-07-10 17:04:10,Bachiller,Casado(a),Indefinido
161,Valentina,Castro,F,1990-12-01,2025-07-10 17:04:38,Tecnologo,Soltero(a),Temporal
162,Miguel,Moreno,M,1988-03-15,2025-07-10 17:04:38,Universitario,Casado(a),Indefinido
163,Daniela,Herrera,F,1992-07-20,2025-07-10 17:04:38,Bachiller,Soltero(a),Indefinido
164,Juan,Vargas,M,1985-10-25,2025-07-10 17:04:38,Tecnologo,Casado(a),Temporal
165,Paula,Reyes,F,1993-02-14,2025-07-10 17:04:38,Universitario,Soltero(a),Indefinido
166,Fernando,Ortega,M,1987-06-28,2025-07-10 17:04:38,Bachiller,Casado(a),Indefinido
167,Natalia,Jimenez,F,1991-09-09,2025-07-10 17:04:38,Tecnologo,Soltero(a),Temporal
168,Oscar,Ruiz,M,1989-11-19,2025-07-10 17:04:38,Universitario,Casado(a),Indefinido
169,Isabella,Cortes,F,1994-05-03,2025-07-10 17:04:38,Bachiller,Soltero(a),Indefinido
170,Diego,Sanchez,M,1986-01-22,2025-07-10 17:04:38,Tecnologo,Casado(a),Temporal
171,Gabriela,Pineda,F,1990-04-17,2025-07-10 17:05:09,Universitario,Soltero(a),Indefinido
172,Eduardo,Campos,M,1988-08-26,2025-07-10 17:05:09,Bachiller,Casado(a),Indefinido
173,Carolina,Guerra,F,1992-12-12,2025-07-10 17:05:09,Tecnologo,Soltero(a),Temporal
174,Hugo,Cabrera,M,1985-05-07,2025-07-10 17:05:09,Universitario,Casado(a),Indefinido
175,Juliana,Vega,F,1993-03-29,2025-07-10 17:05:09,Bachiller,Soltero(a),Indefinido
176,Ricardo,Delgado,M,1987-07-11,2025-07-10 17:05:09,Tecnologo,Casado(a),Temporal
177,Luisa,Salazar,F,1991-10-18,2025-07-10 17:05:09,Universitario,Soltero(a),Indefinido
178,Victor,Mejia,M,1989-02-03,2025-07-10 17:05:09,Bachiller,Casado(a),Indefinido
179,Monica,Palacios,F,1994-06-15,2025-07-10 17:05:09,Tecnologo,Soltero(a),Temporal
180,Santiago,Campos,M,1986-09-27,2025-07-10 17:05:09,Universitario,Casado(a),Indefinido
181,Elena,Marin,F,1990-11-23,2025-07-10 17:06:04,Bachiller,Soltero(a),Indefinido
182,Felipe,Acosta,M,1988-01-16,2025-07-10 17:06:04,Tecnologo,Casado(a),Temporal
183,Tatiana,Quintero,F,1992-05-30,2025-07-10 17:06:04,Universitario,Soltero(a),Indefinido
184,Andres,Guzman,M,1985-08-21,2025-07-10 17:06:04,Bachiller,Casado(a),Indefinido
185,Mariana,Navarro,F,1993-02-09,2025-07-10 17:06:04,Tecnologo,Soltero(a),Temporal
186,Sebastian,Montoya,M,1987-04-04,2025-07-10 17:06:04,Universitario,Casado(a),Indefinido
187,Lorena,Peña,F,1991-07-14,2025-07-10 17:06:04,Bachiller,Soltero(a),Indefinido
188,Manuel,Valencia,M,1989-10-29,2025-07-10 17:06:04,Tecnologo,Casado(a),Temporal
189,Vanessa,Fuentes,F,1994-03-05,2025-07-10 17:06:04,Universitario,Soltero(a),Indefinido
190,Alejandro,Benitez,M,1986-06-19,2025-07-10 17:06:04,Bachiller,Casado(a),Indefinido
191,Adriana,Lara,F,1990-09-02,2025-07-10 17:06:48,Tecnologo,Soltero(a),Temporal
192,Daniel,Espinosa,M,1988-12-14,2025-07-10 17:06:48,Universitario,Casado(a),Indefinido
193,Katherine,Silva,F,1992-02-27,2025-07-10 17:06:48,Bachiller,Soltero(a),Indefinido
194,Jorge,Cruz,M,1985-05-13,2025-07-10 17:06:48,Tecnologo,Casado(a),Temporal
195,Alejandra,Muñoz,F,1993-08-06,2025-07-10 17:06:48,Universitario,Soltero(a),Indefinido
196,Pablo,Londoño,M,1987-11-24,2025-07-10 17:06:48,Bachiller,Casado(a),Indefinido
197,Jessica,Cardenas,F,1991-03-18,2025-07-10 17:06:48,Tecnologo,Soltero(a),Temporal
198,Cristian,Arias,M,1989-07-01,2025-07-10 17:06:48,Universitario,Casado(a),Indefinido
199,Melissa,Bravo,F,1994-10-11,2025-07-10 17:06:48,Bachiller,Soltero(a),Indefinido
200,Hernan,Calderon,M,1986-01-05,2025-07-10 17:06:48,Tecnologo,Casado(a),Temporal
201,Camilo,Restrepo,M,1987-03-22,2025-07-10 17:10:51,Universitario,Casado(a),Indefinido
202,Diana,Correa,F,1991-07-14,2025-07-10 17:10:51,Tecnologo,Soltero(a),Temporal
203,Fabian,Mora,M,1989-11-03,2025-07-10 17:10:51,Bachiller,Casado(a),Indefinido
204,Valeria,Ayala,F,1992-05-18,2025-07-10 17:10:51,Universitario,Soltero(a),Indefinido
205,Mauricio,Parra,M,1986-02-28,2025-07-10 17:10:51,Tecnologo,Casado(a),Temporal
206,Tatiana,Guerrero,F,1993-08-07,2025-07-10 17:10:51,Bachiller,Soltero(a),Indefinido
207,Ivan,Castillo,M,1988-12-19,2025-07-10 17:10:51,Universitario,Casado(a),Indefinido
208,Liliana,Lemos,F,1990-04-02,2025-07-10 17:10:51,Tecnologo,Soltero(a),Temporal
209,Oscar,Pinto,M,1987-09-25,2025-07-10 17:10:51,Bachiller,Casado(a),Indefinido
210,Margarita,Gaviria,F,1991-11-11,2025-07-10 17:10:51,Universitario,Soltero(a),Indefinido
211,Jorge,Barrientos,M,1985-06-06,2025-07-10 17:11:13,Tecnologo,Casado(a),Temporal
212,Sandra,Arango,F,1992-03-29,2025-07-10 17:11:13,Bachiller,Soltero(a),Indefinido
213,Wilson,Lara,M,1989-10-13,2025-07-10 17:11:13,Universitario,Casado(a),Indefinido
214,Vanessa,Cortes,F,1990-01-23,2025-07-10 17:11:13,Tecnologo,Soltero(a),Temporal
215,Henry,Velasquez,M,1988-05-17,2025-07-10 17:11:13,Bachiller,Casado(a),Indefinido
216,Monica,Cardenas,F,1993-07-09,2025-07-10 17:11:13,Universitario,Soltero(a),Indefinido
217,Rafael,Sierra,M,1986-11-05,2025-07-10 17:11:13,Tecnologo,Casado(a),Temporal
218,Paola,Valencia,F,1991-02-16,2025-07-10 17:11:13,Bachiller,Soltero(a),Indefinido
219,Hugo,Gomez,M,1987-08-01,2025-07-10 17:11:13,Universitario,Casado(a),Indefinido
220,Natalia,Molina,F,1994-12-20,2025-07-10 17:11:13,Tecnologo,Soltero(a),Temporal
221,Gustavo,Franco,M,1985-04-14,2025-07-10 17:12:31,Bachiller,Casado(a),Indefinido
222,Carolina,Zapata,F,1992-10-31,2025-07-10 17:12:31,Universitario,Soltero(a),Indefinido
223,Alejandro,Uribe,M,1988-01-19,2025-07-10 17:12:31,Tecnologo,Casado(a),Temporal
224,Laura,Benitez,F,1993-05-08,2025-07-10 17:12:31,Bachiller,Soltero(a),Indefinido
225,Julian,Garcia,M,1986-09-27,2025-07-10 17:12:31,Universitario,Casado(a),Indefinido
226,Estefania,Montoya,F,1991-11-15,2025-07-10 17:12:31,Tecnologo,Soltero(a),Temporal
227,Alfonso,Lopez,M,1987-02-05,2025-07-10 17:12:31,Bachiller,Casado(a),Indefinido
228,Daniela,Rincon,F,1990-06-18,2025-07-10 17:12:31,Universitario,Soltero(a),Indefinido
229,Sebastian,Chavez,M,1989-08-29,2025-07-10 17:12:31,Tecnologo,Casado(a),Temporal
230,Andrea,Marquez,F,1994-03-11,2025-07-10 17:12:31,Bachiller,Soltero(a),Indefinido
231,Miguel,Vargas,M,1985-07-21,2025-07-10 17:13:04,Universitario,Casado(a),Indefinido
232,Angela,Espinosa,F,1992-09-03,2025-07-10 17:13:04,Tecnologo,Soltero(a),Temporal
233,Felipe,Diaz,M,1988-12-28,2025-07-10 17:13:04,Bachiller,Casado(a),Indefinido
234,Luisa,Castaneda,F,1991-02-07,2025-07-10 17:13:04,Universitario,Soltero(a),Indefinido
235,Carlos,Salazar,M,1987-10-12,2025-07-10 17:13:04,Tecnologo,Casado(a),Temporal
236,Viviana,Morales,F,1993-01-26,2025-07-10 17:13:04,Bachiller,Soltero(a),Indefinido
237,Oscar,Hernandez,M,1986-04-09,2025-07-10 17:13:04,Universitario,Casado(a),Indefinido
238,Sofia,Acosta,F,1990-08-23,2025-07-10 17:13:04,Tecnologo,Soltero(a),Temporal
239,David,Ruiz,M,1989-03-02,2025-07-10 17:13:04,Bachiller,Casado(a),Indefinido
240,Karla,Luna,F,1994-06-05,2025-07-10 17:13:04,Universitario,Soltero(a),Indefinido
241,Andres,Bravo,M,1985-11-30,2025-07-10 17:13:32,Tecnologo,Casado(a),Temporal
242,Mariana,Padilla,F,1992-03-20,2025-07-10 17:13:32,Bachiller,Soltero(a),Indefinido
243,Javier,Romero,M,1988-07-04,2025-07-10 17:13:32,Universitario,Casado(a),Indefinido
244,Patricia,Vargas,F,1990-05-16,2025-07-10 17:13:32,Tecnologo,Soltero(a),Temporal
245,Ricardo,Gonzalez,M,1987-09-07,2025-07-10 17:13:32,Bachiller,Casado(a),Indefinido
246,Catalina,Soto,F,1991-12-02,2025-07-10 17:13:32,Universitario,Soltero(a),Indefinido
247,Jose,Rivera,M,1986-01-15,2025-07-10 17:13:32,Tecnologo,Casado(a),Temporal
248,Daniela,Aguilar,F,1993-04-28,2025-07-10 17:13:32,Bachiller,Soltero(a),Indefinido
249,Victor,Leon,M,1989-08-19,2025-07-10 17:13:32,Universitario,Casado(a),Indefinido
250,Melisa,Cruz,F,1994-02-10,2025-07-10 17:13:32,Tecnologo,Soltero(a),Temporal
251,Kevin,Mora,M,1987-03-14,2025-07-10 17:15:24,Universitario,Casado(a),Indefinido
252,Tatiana,Lagos,F,1991-06-21,2025-07-10 17:15:24,Tecnologo,Soltero(a),Temporal
253,Hector,Silva,M,1988-12-03,2025-07-10 17:15:24,Bachiller,Casado(a),Indefinido
254,Yolanda,Mendez,F,1992-02-11,2025-07-10 17:15:24,Universitario,Soltero(a),Indefinido
255,Raul,Torres,M,1986-05-27,2025-07-10 17:15:24,Tecnologo,Casado(a),Temporal
256,Natalia,Gomez,F,1993-07-17,2025-07-10 17:15:24,Bachiller,Soltero(a),Indefinido
257,Victor,Cano,M,1989-09-09,2025-07-10 17:15:24,Universitario,Casado(a),Indefinido
258,Luisa,Castaño,F,1990-11-28,2025-07-10 17:15:24,Tecnologo,Soltero(a),Temporal
259,Jose,Muñoz,M,1987-01-19,2025-07-10 17:15:24,Bachiller,Casado(a),Indefinido
260,Vanessa,Pardo,F,1991-05-05,2025-07-10 17:15:24,Universitario,Soltero(a),Indefinido
261,Esteban,Sanchez,M,1985-07-23,2025-07-10 17:15:45,Tecnologo,Casado(a),Temporal
262,Laura,Beltran,F,1992-10-10,2025-07-10 17:15:45,Bachiller,Soltero(a),Indefinido
263,Julian,Garzon,M,1988-04-15,2025-07-10 17:15:45,Universitario,Casado(a),Indefinido
264,Marta,Cabrera,F,1990-03-08,2025-07-10 17:15:45,Tecnologo,Soltero(a),Temporal
265,Mauricio,Diaz,M,1987-08-18,2025-07-10 17:15:45,Bachiller,Casado(a),Indefinido
266,Carolina,Ruiz,F,1993-09-29,2025-07-10 17:15:45,Universitario,Soltero(a),Indefinido
267,Fernando,Salinas,M,1986-02-03,2025-07-10 17:15:45,Tecnologo,Casado(a),Temporal
268,Andrea,Molina,F,1991-06-12,2025-07-10 17:15:45,Bachiller,Soltero(a),Indefinido
269,Santiago,Gutierrez,M,1989-11-01,2025-07-10 17:15:45,Universitario,Casado(a),Indefinido
270,Isabel,Lopez,F,1994-01-27,2025-07-10 17:15:45,Tecnologo,Soltero(a),Temporal
271,Daniel,Cruz,M,1985-05-09,2025-07-10 17:16:08,Bachiller,Casado(a),Indefinido
272,Alejandra,Rivera,F,1992-09-14,2025-07-10 17:16:08,Universitario,Soltero(a),Indefinido
273,Oscar,Parra,M,1988-12-22,2025-07-10 17:16:08,Tecnologo,Casado(a),Temporal
274,Valentina,Osorio,F,1991-02-06,2025-07-10 17:16:08,Bachiller,Soltero(a),Indefinido
275,Felipe,Moreno,M,1987-07-11,2025-07-10 17:16:08,Universitario,Casado(a),Indefinido
276,Camila,Castillo,F,1993-11-25,2025-07-10 17:16:08,Tecnologo,Soltero(a),Temporal
277,Ricardo,Acosta,M,1986-03-30,2025-07-10 17:16:08,Bachiller,Casado(a),Indefinido
278,Daniela,Mejia,F,1990-08-03,2025-07-10 17:16:08,Universitario,Soltero(a),Indefinido
279,Hernan,Vega,M,1989-04-19,2025-07-10 17:16:08,Tecnologo,Casado(a),Temporal
280,Paula,Hernandez,F,1994-06-06,2025-07-10 17:16:08,Bachiller,Soltero(a),Indefinido
281,Carlos,Marin,M,1985-10-17,2025-07-10 17:16:47,Universitario,Casado(a),Indefinido
282,Melissa,Suarez,F,1992-03-12,2025-07-10 17:16:47,Tecnologo,Soltero(a),Temporal
283,Jose,Quintero,M,1988-05-29,2025-07-10 17:16:47,Bachiller,Casado(a),Indefinido
284,Lorena,Perez,F,1990-01-21,2025-07-10 17:16:47,Universitario,Soltero(a),Indefinido
285,David,Gonzalez,M,1987-06-25,2025-07-10 17:16:47,Tecnologo,Casado(a),Temporal
286,Juliana,Cardenas,F,1993-09-08,2025-07-10 17:16:47,Bachiller,Soltero(a),Indefinido
287,Luis,Jimenez,M,1986-12-01,2025-07-10 17:16:47,Universitario,Casado(a),Indefinido
288,Sara,Sanchez,F,1991-04-14,2025-07-10 17:16:47,Tecnologo,Soltero(a),Temporal
289,Jonathan,Rojas,M,1989-08-31,2025-07-10 17:16:47,Bachiller,Casado(a),Indefinido
290,Laura,Martinez,F,1994-11-19,2025-07-10 17:16:47,Universitario,Soltero(a),Indefinido
291,Pedro,Navarro,M,1985-02-25,2025-07-10 17:17:20,Tecnologo,Casado(a),Temporal
292,Tatiana,Reyes,F,1992-07-03,2025-07-10 17:17:20,Bachiller,Soltero(a),Indefinido
293,Angel,Bravo,M,1988-10-22,2025-07-10 17:17:20,Universitario,Casado(a),Indefinido
294,Karina,Pacheco,F,1990-03-01,2025-07-10 17:17:20,Tecnologo,Soltero(a),Temporal
295,Fabian,Arango,M,1987-05-15,2025-07-10 17:17:20,Bachiller,Casado(a),Indefinido
296,Paola,Giraldo,F,1993-01-13,2025-07-10 17:17:20,Universitario,Soltero(a),Indefinido
297,Nelson,Herrera,M,1986-08-07,2025-07-10 17:17:20,Tecnologo,Casado(a),Temporal
298,Adriana,Cruz,F,1991-10-28,2025-07-10 17:17:20,Bachiller,Soltero(a),Indefinido
299,Juan,Mendoza,M,1989-12-17,2025-07-10 17:17:20,Universitario,Casado(a),Indefinido
300,Valeria,Moreno,F,1994-04-04,2025-07-10 17:17:20,Tecnologo,Soltero(a),Temporal
301,Esteban,Romero,M,1987-06-15,2025-07-10 17:19:06,Universitario,Casado(a),Indefinido
302,Carolina,Vargas,F,1991-09-21,2025-07-10 17:19:06,Tecnologo,Soltero(a),Temporal
303,Martin,Quintero,M,1988-01-12,2025-07-10 17:19:06,Bachiller,Casado(a),Indefinido
304,Sandra,Guzman,F,1992-03-18,2025-07-10 17:19:06,Universitario,Soltero(a),Indefinido
305,Victor,Suarez,M,1986-05-27,2025-07-10 17:19:06,Tecnologo,Casado(a),Temporal
306,Laura,Morales,F,1993-07-10,2025-07-10 17:19:06,Bachiller,Soltero(a),Indefinido
307,Felipe,Ortega,M,1989-11-02,2025-07-10 17:19:06,Universitario,Casado(a),Indefinido
308,Camila,Acosta,F,1990-02-24,2025-07-10 17:19:06,Tecnologo,Soltero(a),Temporal
309,Jorge,Martinez,M,1987-08-08,2025-07-10 17:19:06,Bachiller,Casado(a),Indefinido
310,Valentina,Lopez,F,1991-12-15,2025-07-10 17:19:06,Universitario,Soltero(a),Indefinido
311,Oscar,Garcia,M,1985-04-14,2025-07-10 17:19:30,Tecnologo,Casado(a),Temporal
312,Tatiana,Rodriguez,F,1992-11-29,2025-07-10 17:19:30,Bachiller,Soltero(a),Indefinido
313,Ricardo,Salazar,M,1988-03-05,2025-07-10 17:19:30,Universitario,Casado(a),Indefinido
314,Paula,Mendez,F,1990-05-19,2025-07-10 17:19:30,Tecnologo,Soltero(a),Temporal
315,Andres,Cruz,M,1987-09-03,2025-07-10 17:19:30,Bachiller,Casado(a),Indefinido
316,Juliana,Gonzalez,F,1993-01-27,2025-07-10 17:19:30,Universitario,Soltero(a),Indefinido
317,Sebastian,Moreno,M,1986-06-08,2025-07-10 17:19:30,Tecnologo,Casado(a),Temporal
318,Natalia,Aguilar,F,1991-04-22,2025-07-10 17:19:30,Bachiller,Soltero(a),Indefinido
319,Hernan,Jimenez,M,1989-10-11,2025-07-10 17:19:30,Universitario,Casado(a),Indefinido
320,Melissa,Ruiz,F,1994-02-02,2025-07-10 17:19:30,Tecnologo,Soltero(a),Temporal
321,Luis,Hernandez,M,1985-01-18,2025-07-10 17:20:00,Bachiller,Casado(a),Indefinido
322,Daniela,Ramirez,F,1992-07-06,2025-07-10 17:20:00,Universitario,Soltero(a),Indefinido
323,Carlos,Cardenas,M,1988-05-22,2025-07-10 17:20:00,Tecnologo,Casado(a),Temporal
324,Lorena,Velez,F,1991-09-30,2025-07-10 17:20:00,Bachiller,Soltero(a),Indefinido
325,Julian,Cabrera,M,1987-11-14,2025-07-10 17:20:00,Universitario,Casado(a),Indefinido
326,Maria,Montoya,F,1993-03-25,2025-07-10 17:20:00,Tecnologo,Soltero(a),Temporal
327,Wilson,Espinosa,M,1986-08-02,2025-07-10 17:20:00,Bachiller,Casado(a),Indefinido
328,Isabella,Soto,F,1990-12-09,2025-07-10 17:20:00,Universitario,Soltero(a),Indefinido
329,Nelson,Pineda,M,1989-03-28,2025-07-10 17:20:00,Tecnologo,Casado(a),Temporal
330,Adriana,Leon,F,1994-06-17,2025-07-10 17:20:00,Bachiller,Soltero(a),Indefinido
331,Pedro,Castro,M,1985-05-11,2025-07-10 17:20:15,Universitario,Casado(a),Indefinido
332,Karen,Martinez,F,1992-01-29,2025-07-10 17:20:15,Tecnologo,Soltero(a),Temporal
333,Alfonso,Diaz,M,1988-09-16,2025-07-10 17:20:15,Bachiller,Casado(a),Indefinido
334,Claudia,Lozano,F,1991-04-04,2025-07-10 17:20:15,Universitario,Soltero(a),Indefinido
335,Angel,Mendoza,M,1987-02-13,2025-07-10 17:20:15,Tecnologo,Casado(a),Temporal
336,Ana,Villalobos,F,1993-08-20,2025-07-10 17:20:15,Bachiller,Soltero(a),Indefinido
337,Javier,Campos,M,1986-10-26,2025-07-10 17:20:15,Universitario,Casado(a),Indefinido
338,Monica,Reyes,F,1990-05-30,2025-07-10 17:20:15,Tecnologo,Soltero(a),Temporal
339,Gustavo,Vasquez,M,1989-12-21,2025-07-10 17:20:15,Bachiller,Casado(a),Indefinido
340,Sofia,Delgado,F,1994-03-11,2025-07-10 17:20:15,Universitario,Soltero(a),Indefinido
341,Manuel,Peña,M,1985-07-02,2025-07-10 17:20:33,Tecnologo,Casado(a),Temporal
342,Viviana,Padilla,F,1992-11-26,2025-07-10 17:20:33,Bachiller,Soltero(a),Indefinido
343,Rodrigo,Gutierrez,M,1988-04-18,2025-07-10 17:20:33,Universitario,Casado(a),Indefinido
344,Patricia,Camacho,F,1990-08-05,2025-07-10 17:20:33,Tecnologo,Soltero(a),Temporal
345,Henry,Arboleda,M,1987-03-24,2025-07-10 17:20:33,Bachiller,Casado(a),Indefinido
346,Melisa,Beltran,F,1993-02-14,2025-07-10 17:20:33,Universitario,Soltero(a),Indefinido
347,Fernando,Lara,M,1986-06-30,2025-07-10 17:20:33,Tecnologo,Casado(a),Temporal
348,Cecilia,Escobar,F,1991-01-09,2025-07-10 17:20:33,Bachiller,Soltero(a),Indefinido
349,Alejandro,Ramos,M,1989-09-27,2025-07-10 17:20:33,Universitario,Casado(a),Indefinido
350,Liliana,Pacheco,F,1994-04-23,2025-07-10 17:20:33,Tecnologo,Soltero(a),Temporal
351,Mario,Benitez,M,1986-03-12,2025-07-10 17:23:35,Universitario,Casado(a),Indefinido
352,Valeria,Fajardo,F,1992-06-19,2025-07-10 17:23:35,Tecnologo,Soltero(a),Temporal
353,Hugo,Linares,M,1988-09-05,2025-07-10 17:23:35,Bachiller,Casado(a),Indefinido
354,Laura,Peña,F,1990-11-23,2025-07-10 17:23:35,Universitario,Soltero(a),Indefinido
355,Rafael,Bermudez,M,1987-01-17,2025-07-10 17:23:35,Tecnologo,Casado(a),Temporal
356,Claudia,Navarro,F,1993-04-14,2025-07-10 17:23:35,Bachiller,Soltero(a),Indefinido
357,Andres,Peralta,M,1989-05-29,2025-07-10 17:23:35,Universitario,Casado(a),Indefinido
358,Tatiana,Ortega,F,1991-08-08,2025-07-10 17:23:35,Tecnologo,Soltero(a),Temporal
359,Felipe,Valencia,M,1986-10-02,2025-07-10 17:23:35,Bachiller,Casado(a),Indefinido
360,Melissa,Quintero,F,1994-02-20,2025-07-10 17:23:35,Universitario,Soltero(a),Indefinido
361,Julio,Gomez,M,1985-07-11,2025-07-10 17:23:43,Tecnologo,Casado(a),Temporal
362,Camila,Salinas,F,1992-10-04,2025-07-10 17:23:43,Bachiller,Soltero(a),Indefinido
363,Pedro,Camargo,M,1988-04-22,2025-07-10 17:23:43,Universitario,Casado(a),Indefinido
364,Karen,Velasquez,F,1990-12-18,2025-07-10 17:23:43,Tecnologo,Soltero(a),Temporal
365,Samuel,Muñoz,M,1987-02-07,2025-07-10 17:23:43,Bachiller,Casado(a),Indefinido
366,Lucia,Moreno,F,1993-05-02,2025-07-10 17:23:43,Universitario,Soltero(a),Indefinido
367,Nelson,Herrera,M,1986-08-15,2025-07-10 17:23:43,Tecnologo,Casado(a),Temporal
368,Monica,Torres,F,1991-01-26,2025-07-10 17:23:43,Bachiller,Soltero(a),Indefinido
369,Alberto,Rios,M,1989-09-10,2025-07-10 17:23:43,Universitario,Casado(a),Indefinido
370,Diana,Espinosa,F,1994-03-30,2025-07-10 17:23:43,Tecnologo,Soltero(a),Temporal
371,Rodrigo,Castillo,M,1985-05-20,2025-07-10 17:23:50,Bachiller,Casado(a),Indefinido
372,Vanessa,Delgado,F,1992-08-13,2025-07-10 17:23:50,Universitario,Soltero(a),Indefinido
373,Miguel,Guerrero,M,1988-12-28,2025-07-10 17:23:50,Tecnologo,Casado(a),Temporal
374,Sofia,Diaz,F,1991-04-06,2025-07-10 17:23:50,Bachiller,Soltero(a),Indefinido
375,Henry,Jimenez,M,1987-07-17,2025-07-10 17:23:50,Universitario,Casado(a),Indefinido
376,Adriana,Garcia,F,1993-09-24,2025-07-10 17:23:50,Tecnologo,Soltero(a),Temporal
377,Diego,Mendez,M,1986-03-09,2025-07-10 17:23:50,Bachiller,Casado(a),Indefinido
378,Paula,Reyes,F,1990-06-29,2025-07-10 17:23:50,Universitario,Soltero(a),Indefinido
379,Alfonso,Ruiz,M,1989-11-05,2025-07-10 17:23:50,Tecnologo,Casado(a),Temporal
380,Angela,Chavez,F,1994-01-12,2025-07-10 17:23:50,Bachiller,Soltero(a),Indefinido
381,Fernando,Lopez,M,1985-09-01,2025-07-10 17:23:58,Universitario,Casado(a),Indefinido
382,Liliana,Serrano,F,1992-03-15,2025-07-10 17:23:58,Tecnologo,Soltero(a),Temporal
383,Carlos,Vega,M,1988-02-26,2025-07-10 17:23:58,Bachiller,Casado(a),Indefinido
384,Carolina,Valdez,F,1990-07-03,2025-07-10 17:23:58,Universitario,Soltero(a),Indefinido
385,Alexander,Morales,M,1987-11-22,2025-07-10 17:23:58,Tecnologo,Casado(a),Temporal
386,Estefania,Castaño,F,1993-05-08,2025-07-10 17:23:58,Bachiller,Soltero(a),Indefinido
387,Jorge,Nieto,M,1986-04-19,2025-07-10 17:23:58,Universitario,Casado(a),Indefinido
388,Mariana,Pineda,F,1991-09-07,2025-07-10 17:23:58,Tecnologo,Soltero(a),Temporal
389,Luis,Cruz,M,1989-12-14,2025-07-10 17:23:58,Bachiller,Casado(a),Indefinido
390,Sofia,Torres,F,1994-04-01,2025-07-10 17:23:58,Universitario,Soltero(a),Indefinido
391,David,Castañeda,M,1985-06-16,2025-07-10 17:24:06,Tecnologo,Casado(a),Temporal
392,Natalia,Molina,F,1992-12-03,2025-07-10 17:24:06,Bachiller,Soltero(a),Indefinido
393,Jonathan,Rojas,M,1988-01-30,2025-07-10 17:24:06,Universitario,Casado(a),Indefinido
394,Daniela,Restrepo,F,1990-10-09,2025-07-10 17:24:06,Tecnologo,Soltero(a),Temporal
395,Oscar,Correa,M,1987-03-26,2025-07-10 17:24:06,Bachiller,Casado(a),Indefinido
396,Juliana,Parra,F,1993-07-19,2025-07-10 17:24:06,Universitario,Soltero(a),Indefinido
397,Hernan,Sanchez,M,1986-11-11,2025-07-10 17:24:06,Tecnologo,Casado(a),Temporal
398,Camila,Ruiz,F,1991-02-14,2025-07-10 17:24:06,Bachiller,Soltero(a),Indefinido
399,Andres,Jimenez,M,1989-08-20,2025-07-10 17:24:06,Universitario,Casado(a),Indefinido
400,Paula,Lopez,F,1994-05-25,2025-07-10 17:24:06,Tecnologo,Soltero(a),Temporal
401,Gabriel,Santos,M,1986-02-15,2025-07-10 17:27:13,Universitario,Casado(a),Indefinido
402,Claudia,Rivas,F,1992-05-22,2025-07-10 17:27:13,Tecnologo,Soltero(a),Temporal
403,Ricardo,Salinas,M,1988-07-03,2025-07-10 17:27:13,Bachiller,Casado(a),Indefinido
404,Lorena,Gomez,F,1990-09-14,2025-07-10 17:27:14,Universitario,Soltero(a),Indefinido
405,Jaime,Lozano,M,1987-12-21,2025-07-10 17:27:14,Tecnologo,Casado(a),Temporal
406,Camila,Serrano,F,1993-03-30,2025-07-10 17:27:14,Bachiller,Soltero(a),Indefinido
407,Mauricio,Diaz,M,1989-04-17,2025-07-10 17:27:14,Universitario,Casado(a),Indefinido
408,Andrea,Castro,F,1991-08-09,2025-07-10 17:27:14,Tecnologo,Soltero(a),Temporal
409,Pablo,Vargas,M,1986-10-05,2025-07-10 17:27:14,Bachiller,Casado(a),Indefinido
410,Natalia,Rojas,F,1994-01-28,2025-07-10 17:27:14,Universitario,Soltero(a),Indefinido
411,Victor,Cortes,M,1985-03-13,2025-07-10 17:27:23,Tecnologo,Casado(a),Temporal
412,Melisa,Marin,F,1992-06-04,2025-07-10 17:27:23,Bachiller,Soltero(a),Indefinido
413,Carlos,Moreno,M,1988-08-25,2025-07-10 17:27:23,Universitario,Casado(a),Indefinido
414,Diana,Peralta,F,1990-12-11,2025-07-10 17:27:23,Tecnologo,Soltero(a),Temporal
415,Rafael,Herrera,M,1987-01-08,2025-07-10 17:27:23,Bachiller,Casado(a),Indefinido
416,Paula,Beltran,F,1993-04-27,2025-07-10 17:27:23,Universitario,Soltero(a),Indefinido
417,Oscar,Torres,M,1986-09-20,2025-07-10 17:27:23,Tecnologo,Casado(a),Temporal
418,Karen,Mendoza,F,1991-02-02,2025-07-10 17:27:23,Bachiller,Soltero(a),Indefinido
419,Felipe,Arango,M,1989-05-16,2025-07-10 17:27:23,Universitario,Casado(a),Indefinido
420,Laura,Gonzalez,F,1994-03-08,2025-07-10 17:27:23,Tecnologo,Soltero(a),Temporal
421,Santiago,Campos,M,1985-07-19,2025-07-10 17:27:31,Bachiller,Casado(a),Indefinido
422,Ana,Valencia,F,1992-11-14,2025-07-10 17:27:31,Universitario,Soltero(a),Indefinido
423,Alberto,Suarez,M,1988-03-06,2025-07-10 17:27:31,Tecnologo,Casado(a),Temporal
424,Monica,Aguilar,F,1990-06-23,2025-07-10 17:27:31,Bachiller,Soltero(a),Indefinido
425,Jose,Guerra,M,1987-08-01,2025-07-10 17:27:31,Universitario,Casado(a),Indefinido
426,Tatiana,Castaño,F,1993-02-18,2025-07-10 17:27:31,Tecnologo,Soltero(a),Temporal
427,Hugo,Quintero,M,1986-12-29,2025-07-10 17:27:31,Bachiller,Casado(a),Indefinido
428,Isabel,Restrepo,F,1991-05-05,2025-07-10 17:27:31,Universitario,Soltero(a),Indefinido
429,Luis,Ramirez,M,1989-09-12,2025-07-10 17:27:31,Tecnologo,Casado(a),Temporal
430,Mariana,Molina,F,1994-01-21,2025-07-10 17:27:31,Bachiller,Soltero(a),Indefinido
431,Henry,Cabrera,M,1985-04-09,2025-07-10 17:28:09,Universitario,Casado(a),Indefinido
432,Juliana,Ortega,F,1992-07-27,2025-07-10 17:28:09,Tecnologo,Soltero(a),Temporal
433,Sebastian,Bravo,M,1988-10-16,2025-07-10 17:28:09,Bachiller,Casado(a),Indefinido
434,Carolina,Salazar,F,1990-03-03,2025-07-10 17:28:09,Universitario,Soltero(a),Indefinido
435,Fernando,Velez,M,1987-06-28,2025-07-10 17:28:09,Tecnologo,Casado(a),Temporal
436,Daniela,Chavez,F,1993-09-09,2025-07-10 17:28:09,Bachiller,Soltero(a),Indefinido
437,Manuel,Torres,M,1986-11-25,2025-07-10 17:28:09,Universitario,Casado(a),Indefinido
438,Vanessa,Diaz,F,1991-02-14,2025-07-10 17:28:09,Tecnologo,Soltero(a),Temporal
439,Juan,Lopez,M,1989-08-07,2025-07-10 17:28:09,Bachiller,Casado(a),Indefinido
440,Luisa,Hernandez,F,1994-05-30,2025-07-10 17:28:09,Universitario,Soltero(a),Indefinido
441,Alejandro,Perez,M,1985-01-17,2025-07-10 17:28:20,Tecnologo,Casado(a),Temporal
442,Valeria,Sanchez,F,1992-03-29,2025-07-10 17:28:20,Bachiller,Soltero(a),Indefinido
443,Rodrigo,Ruiz,M,1988-12-06,2025-07-10 17:28:20,Universitario,Casado(a),Indefinido
444,Maria,Gomez,F,1990-06-12,2025-07-10 17:28:20,Tecnologo,Soltero(a),Temporal
445,Andres,Martinez,M,1987-09-21,2025-07-10 17:28:20,Bachiller,Casado(a),Indefinido
446,Sofia,Cruz,F,1993-01-02,2025-07-10 17:28:20,Universitario,Soltero(a),Indefinido
447,Wilson,Pardo,M,1986-05-18,2025-07-10 17:28:20,Tecnologo,Casado(a),Temporal
448,Angela,Morales,F,1991-10-01,2025-07-10 17:28:20,Bachiller,Soltero(a),Indefinido
449,Hector,Guerrero,M,1989-02-26,2025-07-10 17:28:20,Universitario,Casado(a),Indefinido
450,Liliana,Cortes,F,1994-08-20,2025-07-10 17:28:20,Tecnologo,Soltero(a),Temporal
451,Samuel,Gomez,M,1986-02-14,2025-07-10 17:31:04,Universitario,Casado(a),Indefinido
452,Laura,Ruiz,F,1992-05-18,2025-07-10 17:31:05,Tecnologo,Soltero(a),Temporal
453,Jorge,Morales,M,1988-07-10,2025-07-10 17:31:05,Bachiller,Casado(a),Indefinido
454,Natalia,Gonzalez,F,1990-09-22,2025-07-10 17:31:05,Universitario,Soltero(a),Indefinido
455,Felipe,Sanchez,M,1987-12-05,2025-07-10 17:31:05,Tecnologo,Casado(a),Temporal
456,Vanessa,Pardo,F,1993-03-27,2025-07-10 17:31:05,Bachiller,Soltero(a),Indefinido
457,Oscar,Cortes,M,1989-04-14,2025-07-10 17:31:05,Universitario,Casado(a),Indefinido
458,Isabella,Torres,F,1991-08-03,2025-07-10 17:31:05,Tecnologo,Soltero(a),Temporal
459,Alberto,Vargas,M,1986-10-09,2025-07-10 17:31:05,Bachiller,Casado(a),Indefinido
460,Tatiana,Rivas,F,1994-01-31,2025-07-10 17:31:05,Universitario,Soltero(a),Indefinido
461,Henry,Marin,M,1985-03-08,2025-07-10 17:31:17,Tecnologo,Casado(a),Temporal
462,Camila,Diaz,F,1992-06-24,2025-07-10 17:31:17,Bachiller,Soltero(a),Indefinido
463,Rafael,Peralta,M,1988-08-19,2025-07-10 17:31:17,Universitario,Casado(a),Indefinido
464,Daniela,Valencia,F,1990-12-02,2025-07-10 17:31:17,Tecnologo,Soltero(a),Temporal
465,Julian,Quintero,M,1987-01-19,2025-07-10 17:31:17,Bachiller,Casado(a),Indefinido
466,Sofia,Castaño,F,1993-04-10,2025-07-10 17:31:17,Universitario,Soltero(a),Indefinido
467,Luis,Herrera,M,1986-09-29,2025-07-10 17:31:17,Tecnologo,Casado(a),Temporal
468,Karen,Beltran,F,1991-02-06,2025-07-10 17:31:17,Bachiller,Soltero(a),Indefinido
469,Diego,Restrepo,M,1989-05-15,2025-07-10 17:31:17,Universitario,Casado(a),Indefinido
470,Paula,Torres,F,1994-03-03,2025-07-10 17:31:17,Tecnologo,Soltero(a),Temporal
471,David,Guerrero,M,1985-07-13,2025-07-10 17:31:35,Bachiller,Casado(a),Indefinido
472,Juliana,Salazar,F,1992-11-19,2025-07-10 17:31:35,Universitario,Soltero(a),Indefinido
473,Jonathan,Lopez,M,1988-03-01,2025-07-10 17:31:35,Tecnologo,Casado(a),Temporal
474,Monica,Mendoza,F,1990-06-20,2025-07-10 17:31:35,Bachiller,Soltero(a),Indefinido
475,Fernando,Chavez,M,1987-08-25,2025-07-10 17:31:35,Universitario,Casado(a),Indefinido
476,Melissa,Aguilar,F,1993-02-15,2025-07-10 17:31:35,Tecnologo,Soltero(a),Temporal
477,Wilson,Ruiz,M,1986-12-28,2025-07-10 17:31:35,Bachiller,Casado(a),Indefinido
478,Mariana,Ramirez,F,1991-05-07,2025-07-10 17:31:35,Universitario,Soltero(a),Indefinido
479,Rodrigo,Santos,M,1989-09-16,2025-07-10 17:31:35,Tecnologo,Casado(a),Temporal
480,Liliana,Castro,F,1994-01-25,2025-07-10 17:31:35,Bachiller,Soltero(a),Indefinido
481,Carlos,Camargo,M,1985-04-04,2025-07-10 17:31:44,Universitario,Casado(a),Indefinido
482,Angela,Diaz,F,1992-07-16,2025-07-10 17:31:44,Tecnologo,Soltero(a),Temporal
483,Ricardo,Vega,M,1988-10-28,2025-07-10 17:31:44,Bachiller,Casado(a),Indefinido
484,Valeria,Ortiz,F,1990-03-12,2025-07-10 17:31:44,Universitario,Soltero(a),Indefinido
485,Sebastian,Lara,M,1987-06-06,2025-07-10 17:31:44,Tecnologo,Casado(a),Temporal
486,Carolina,Gomez,F,1993-09-30,2025-07-10 17:31:44,Bachiller,Soltero(a),Indefinido
487,Andres,Muñoz,M,1986-11-23,2025-07-10 17:31:44,Universitario,Casado(a),Indefinido
488,Luisa,Navarro,F,1991-02-18,2025-07-10 17:31:44,Tecnologo,Soltero(a),Temporal
489,Pedro,Sanchez,M,1989-08-11,2025-07-10 17:31:44,Bachiller,Casado(a),Indefinido
490,Claudia,Reyes,F,1994-05-04,2025-07-10 17:31:44,Universitario,Soltero(a),Indefinido
491,Hector,Torres,M,1985-01-30,2025-07-10 17:31:54,Tecnologo,Casado(a),Temporal
492,Andrea,Gutierrez,F,1992-03-21,2025-07-10 17:31:54,Bachiller,Soltero(a),Indefinido
493,Alexander,Lozano,M,1988-12-08,2025-07-10 17:31:54,Universitario,Casado(a),Indefinido
494,Sofia,Leon,F,1990-06-18,2025-07-10 17:31:54,Tecnologo,Soltero(a),Temporal
495,Javier,Peña,M,1987-09-03,2025-07-10 17:31:54,Bachiller,Casado(a),Indefinido
496,Camila,Martinez,F,1993-01-09,2025-07-10 17:31:54,Universitario,Soltero(a),Indefinido
497,Fernando,Garcia,M,1986-05-27,2025-07-10 17:31:54,Tecnologo,Casado(a),Temporal
498,Natalia,Pineda,F,1991-10-20,2025-07-10 17:31:54,Bachiller,Soltero(a),Indefinido
499,Julio,Moreno,M,1989-02-03,2025-07-10 17:31:54,Universitario,Casado(a),Indefinido
500,Melissa,Salinas,F,1994-08-26,2025-07-10 17:31:54,Tecnologo,Soltero(a),Temporal
